Campaign,Clients,Start Date,Price,Spend,Remaining,Sound URL,Status,Tracker,Campaign Started,Send Tracker,Send Final Report,Invoice,Salespeople,Report Notes,Client Notes,Paid Ops?
"DELATO, 7KY & RYA - Lucky You",Bijan M,9/19/2025,$600.00,$245.00,,https://www.dropbox.com/scl/fo/883ylxmmroone62nrzj4d/AAGivvVWytdh7tYFP72xGbM?rlkey=mmaf11pvq9e3qgolpb8fqljr7&st=yaq8dca7&dl=0,Unreleased,,,,,Sent,Jared,,,
Traveler - Stereo Love Remix,Traveler,9/15/2025,$500.00,$350.00,$0.00,https://soundcloud.com/travelermusic/stereo-love,Active,,checked,,,Sent,Jared,,,
Flume - Monsoon,ADA,9/13/2025,$4000.00,$2800.00,,https://www.instagram.com/reels/audio/765948779255300?igsh=aXA0YjE5YnJrNTZ1,Active,https://music.cobrand.com/promote/f42e7211-05c8-4666-9a08-9f90b3a60c41/share?token=bIAk_574jN2PgXURMCKw0Ml1JV76Oz4tm-bK__QdTg8,checked,checked,,Sent,Jared,,"all videos should be set to Monsoon official audio. 

In terms of more traditional assets for ""Did you know Flume dropped an album / etc"" posts: 
- Press Photos
- Shine Glow Glisten MV Cutdowns
- Monsoon Cutdowns (focus track, preferred**) 
Fan Page Links (content is rippable/fair game for anything, let me know if you want me to rip something specific or if you're fine to handle if you wanted to pull something): 
- https://www.tiktok.com/@flumeworld
- https://www.tiktok.com/@fluminati 
Live/Red Rocks footage:
- Still being approved/collated by the label, so let's just make a note to hold on to some pages that may be a good fit so we don't have them all go live before we receive/get greenlight from mgmt that it's okay to move forward without pre-selected footage 
+ regular meme/festival/etc pages we've traditionally run with before posting as they normally would, not necessarily directly related to flume but still using Monsoon 
",
Yung Pooda - Night Talks With God,It's A Ten Records,9/12/2025,$1000.00,$700.00,,https://soundcloud.com/artistinfluence/ntwg-explicit/s-MzRMcQuXHJ7?si=87ed4bd8dfc44c478436f0fe6e5f922b&utm_source=clipboard&utm_medium=text&utm_campaign=social_sharing,Active,,,,,Sent,Jared,,https://drive.google.com/drive/folders/1_25zKcmHcGSaOnhEXL6PgmDDntWJCben?usp=drive_link,
TGUT - GTFOTW,TGUT,9/9/2025,$400.00,$340.00,,https://youtu.be/XpXEK4YlENU,Active,,,,,Sent,Jared,,,
"Insomniac - Waymo, Elegibo",Insomniac (Helene),9/9/2025,$700.00,$490.00,$0.00,MULTIPLE (CHECK NOTES),Completed,https://music.cobrand.com/promote/a833ba02-6599-47e7-a63e-675a9753eae8/share?token=8T0X4GMWgDtoHgilIt2ntBFMOkZP4A0z8VEHD5f9jDg,checked,checked,checked,Sent,Jared,,"Honeyluv & Aluna - Waymo
$350
don't need to tag artists
https://www.instagram.com/reels/audio/765175232822343/?igsh=NTc4MTIwNjQ2YQ%3D%3D#Francis Mercier, Margareth Menezes, Relight Orchestra & DJ Andrea - Elegibo
$350
don't need to tag artists
https://www.instagram.com/reels/audio/2497796427262244/?igsh=NTc4MTIwNjQ2YQ%3D%3D#
LATAM DISPLAY 60K VIEWS - https://youtu.be/40_hcuWpo0w?si=7iIAqSAKkDxmKcvP",
Dr3w Lovely - Lemme Be Honest,Dr3w Lovely,8/29/2025,$1000.00,$700.00,$0.00,https://dashboard.vydia.com/d2/share/eyJzIjo3MDM4NjUsInJzIjoiNUNLNmJ3In0,Completed,https://music.cobrand.com/promote/5753e348-e345-4a44-be66-ce0f4808d240/share?token=R4UCOvCjteXSiIcoTlxP39vg78mO_MCdYT2EyHLHcw8,checked,checked,checked,Sent,Jared,Having some pages declining. Working to reallocate for new post right now,,
Bad Bunny - MONACO (proppaganda Remix),PROPPAGANDA,8/26/2025,$500.00,$350.00,$45.00,8/26/2025,Completed,https://music.cobrand.com/promote/29170124-7cd2-4e06-88e2-4dda34c6de7a/share?token=aEodCuj7-mjp8lW6tXugJhNyhHrqy2XGLJ9Z6aISKIE,checked,checked,checked,Sent,Jared/Katt,Having some pages declining. Working to reallocate for new post right now,,
" Jkyl & Hyde, DENNETT- Wastin' My Time",Boom Records LLC,8/15/2025,$750.00,$525.00,$0.00,http://open.spotify.com/track/0JZFXrxFp0YNn6iPR2LF08,Completed,https://music.cobrand.com/promote/4f1d0498-653e-423f-8e90-4e7be8544e60/share?token=3Asc5PQV_iLSMkCwdZui3XBvqBL0NRmJtWM0f7kj2Ks,checked,checked,checked,Sent,Jared/Katt,,"Instagram Seeding, $525 budget — $750 ",
Top Remix (Nash Rly Remix Bootleg Pack),Tonal,7/25/2025,$500.00,$350.00,$0.00,https://soundcloud.com/nash_rly/sets/new-sonics-collection,Completed,https://music.cobrand.com/promote/c6287344-774f-4ca0-bb83-d046bbc85d9b/share?token=WoXtDBPBzFWRYd7PUZwXN2WB9TVva3Mk7-QPCgcv7wE,checked,checked,checked,Paid,Jared,,"in the iNstagram campaign request form, let Phil know in the notes section to pick the song he thinks will perform the best. 

$800 - 32M+ SC repost reach (4 Remixes in Collection) 
$500 - 350 ad spend w/IG Seeding on top remix",
Thomas Xavier (Q3/Q4),Pharaoh Phonix,7/25/2025,$500.00,$350.00,$0.00,https://open.spotify.com/track/67hWh7CkTlBSDqpeNxM8Qf,Completed,https://music.cobrand.com/promote/d0127905-5669-4252-ae1b-8655195ffafa/share?token=be02uoohQiQF2SITbl3SYZWlk9bf6DB_rB7hrQx5h1Y,checked,checked,checked,Sent,Jared,,"Attached Spotify URL for bubonic which is already out. Five singles slated between July 18 and December 7 2025—“Bubonic,” “Luv Dis Lyfe” (feat. Dres), “TBA (Sept 26),” “TBA (Oct 31),” and “TBA (Dec 7)”. For meta ads, will be monthly for instagram growth. Curated placements with ~$350 media spend across up to three singles — $500",
Dr3w Lovely - Jump,Dr3w Lovely,7/23/2025,$450.00,$315.00,$0.00,https://open.spotify.com/track/1YhO2U2ooAw5bwK3BYdFKk,Completed,https://music.cobrand.com/promote/781ab76f-1668-4e2f-aeda-59a4e46b10c7/share?token=JQgkgky8rWU02yjxJvpDBNue2q9yqon4J16fQzwWXUs,checked,checked,checked,Paid,Jared,,"'- Spotify Playlisting (100,000 streams) - $1,100
- SoundCloud Reposts (15M reach) - $450
- Instagram Seeding ($315 spend, 3-5+ posts) - $450

https://open.spotify.com/track/1YhO2U2ooAw5bwK3BYdFKk
",
"Blanke, Linney - How It Feels",Blanke,7/18/2025,$2590.00,$1650.00,$0.00,https://www.instagram.com/reels/audio/3138778592964625?igsh=MWdnY2twaDJyaWlmMA==,Completed,https://music.cobrand.com/promote/070769e5-64fc-4df0-9480-40e57d05634d/share?token=00FslWvfa-0OAeO7z8xYINbiEAsdaw6fB4-c3BlpT8Y,checked,checked,checked,Sent,Jared,,"@blankemusic, @linney",
HUGEL & Diplo - Forever (feat. Malou),Insomniac (Helene),7/18/2025,$350.00,$245.00,$0.00,https://www.instagram.com/reels/audio/708888628085564?igsh=NTc4MTIwNjQ2YQ==,Completed,https://music.cobrand.com/promote/de08ae12-ebc1-4e76-a786-7991adcadd05/share?token=Ewc_iuGH12AqNToapzQI3EGyVKJAlX2YFt3PGAH8a7A,checked,checked,checked,Sent,Jared,,@diplo @hugelthug,
Francis Mercier - Sauti,Insomniac (Helene),7/18/2025,$350.00,$245.00,$0.00,https://www.instagram.com/reels/audio/26193685006889505?igsh=NTc4MTIwNjQ2YQ==,Completed,https://music.cobrand.com/promote/80ae8c2c-057f-4852-8b42-31e03c199940/share?token=6sSTVb2JqnazgIAO0zPHcSpzQMmiCjydluDbfn4vlOI,checked,checked,checked,Sent,Jared,,@francismercier,
Traveler - Abyssal Reef,Traveler,7/17/2025,$500.00,$350.00,$0.00,https://soundcloud.com/artistinfluence/abyssal-reef-radio-edit/s-OYPSU2dCorI?utm_source=clipboard&utm_medium=text&utm_campaign=social_sharing&si=9ce0ac6caf9b48afafc0fc285f41149e,Completed,https://music.cobrand.com/promote/354ea778-1b60-4cde-978f-4261ffedabd1/share?token=uPMRVuonhsBz74Ag_YBC1xJqBULJ9AieqHKKSXflGvQ,checked,checked,checked,Paid,Jared,,'@travelermusic (i think),checked
Mother. - MIA,mother.,7/16/2025,$350.00,$245.00,$0.00,https://open.spotify.com/track/5mru4dvoMsMGnj4dnT9cZi,Completed,https://music.cobrand.com/promote/81ce5a17-5df9-4945-a82c-087f0a391d5f/share?token=x3y_EbWwKRSNBjlKn6nj7UcxTxC9TQS8taqpCuSiyHE,checked,checked,checked,Paid,Jared,,@therealmother.dj,checked
proppaganda - Shark campaign,PROPPAGANDA,7/15/2025,$3278.60,$2522.00,$978.00,N/A,Completed,https://music.cobrand.com/promote/e0c6d85c-b502-4d0b-af6d-8ca2ff94c3f8/share?token=AtvIZnJtP5ykkalDALANSfoxg8AtgXQcs5L7dsdXUxI,checked,checked,,Paid,Katt,,@proppaganda,checked
Ian Asher - No Way,Jared,7/11/2025,$300.00,$300.00,$0.00,https://www.instagram.com/reels/audio/1606672513383945?igsh=YnI3Z2lzMnh3aGJ2,Completed,https://music.cobrand.com/promote/26847d4a-c85b-4381-b063-36e72a4cb345/share?token=Rm9ECOb3vrxplgYHg6A1XtD3xsYbabjAHyY_NN_6sOM,checked,checked,checked,N/A,Jared,,@ianasher @thatkahlo,checked
LOSTBOYJAY - Medicinal,Funkshway Records,7/11/2025,$350.00,$245.00,$0.00,https://www.instagram.com/reels/audio/678128508322148?igsh=OXd3dW1sbGtrOGtl,Completed,https://music.cobrand.com/promote/65b2de27-299c-417d-aa63-3405900f6410/share?token=fOi-enzfjmOr0he3YSjFcIwKwSd-JlpKUPolBiX1fWw,checked,checked,checked,Paid,Jared,,@lostboyjay,checked
Thursday Cigs - Need A Freak,Thursday Cigs,6/27/2025,$600.00,$420.00,$0.00,TBD,Completed,https://music.cobrand.com/promote/f809778e-d2d2-4ac7-bf70-ec7fe26f0fc4/share?token=VEU15fxvK3A9K7DjcawWEHZ78gCPhv1VS-6hLJufmx8,,checked,checked,Sent,Jared,,@thursdaycigs,checked
"Calussa, NATTI NATASHA, Marco Tropeano - No Pare",Insomniac (Helene),6/27/2025,$350.00,$245.00,$0.00,https://open.spotify.com/track/4E6M6muDadCiTQ72KUELbB,Completed,https://music.cobrand.com/promote/a5cc6456-075e-4643-961f-fbb68b147702/share?token=P1HNRSqaA1JRFznpDhGdYWI1KXAtECJdchD2KF38na4,checked,checked,checked,Sent,Philippe,,"@calussa
@nattinatasha
@marco_tropeano_",checked
Eli Brown - Wavey,Insomniac (Helene),6/25/2025,$350.00,$245.00,$0.00,https://www.instagram.com/reels/audio/1002916375128763?igsh=NTc4MTIwNjQ2YQ==,Completed,https://music.cobrand.com/promote/07582de3-d1c5-45cd-8516-9910bfbb3839/share?token=z1wsaBiRfX4Z1EsdLoB3FEodKG1WjIatxOg6fnaJWok,checked,checked,checked,Sent,Philippe,,@elibrownbeats,checked
Ameme & Barney Bone - Sweat,Insomniac (Helene),6/25/2025,$250.00,$175.00,$0.00,https://www.instagram.com/reels/audio/1040754481350539?igsh=NTc4MTIwNjQ2YQ==,Completed,https://music.cobrand.com/promote/ad7c6c74-40e4-4add-b3e3-0e632d0cb54e/share?token=a1qTk_GpbWYPNldHTgduI1oyJEhMMH5eHytA0Z0q2eY,checked,checked,checked,Sent,Philippe,,,checked
SAYSO - LTWB,SAYSO,6/24/2025,$350.00,$245.00,$0.00,https://soundcloud.com/saysosounds/ltwb,Completed,https://music.cobrand.com/promote/6937e25a-78a2-4b21-a3c9-4e252943d885/share?token=N5C2U_ilm5Tp55euRSI7w9NhUTbwzHSu2EhZ6XV4RRY,checked,checked,checked,Sent,Jared,,@fareoh,checked
Krupa - Wake Em Up Remix,Amit Prim8,6/24/2025,$250.00,$150.00,$0.00,https://soundcloud.com/krupamode/murda-beatz-x-rich-the-kid-wake-em-up-krupa-remix,Completed,https://music.cobrand.com/promote/caaefe88-b750-4a60-bd43-2096c8909f33/share?token=dxZG_wgbL_ALp43DF4Hk7Rtwhr7gP5T_MNFMkWXA9fs,checked,checked,checked,Sent,Jared,,please use the right krupa handle ,checked
Ambrxse - Swipe Right,Ambrxse,6/24/2025,$325.00,$227.50,$0.00,https://open.spotify.com/album/3izFIAaF5LngzwM2SK2602?si=iDF01LGvQI-OqEmq6_813g,Completed,https://music.cobrand.com/promote/67af9e0d-ea9d-49cf-9610-f8d95fdcfc44/share?token=7hsqRQubURqq9CkP6VLd1tXWTKSvRC5YExDRTSqZL_s,checked,checked,checked,Sent,Jared,,@ambrxse just double check plz,checked
Afterparty - RAW,Afterparty,6/20/2025,$250.00,$135.00,$0.00,https://soundcloud.com/afterpartyus/raw/s-fJ1ZoD7ddWh?ref=clipboard&p=i&c=1&si=C7C35974ED4F4726BE8D1C56DD29A7BE&utm_source=clipboard&utm_medium=text&utm_campaign=social_sharing,Completed,https://music.cobrand.com/promote/76635c86-4787-4ca7-b060-3bf6f8e2e853/share?token=GzX8PSrTgwBFcrCnIpP_HNrfHq8G9Au93BO2sLzd4ak,checked,checked,checked,Sent,Jared,,@afterpartyus,checked
Luhv - With U,Luhv,6/20/2025,$250.00,$135.00,$0.00,https://soundcloud.com/luhvmusic/with-u-mstr-v1/s-PsissbuAynh?si=e73f5c3811a24702ae77f6d0a3cbd465&utm_source=clipboard&utm_medium=text&utm_campaign=social_sharing ,Completed,https://music.cobrand.com/promote/77f68c21-f755-43a7-8561-550e9df4d66d/share?token=h8zmhTKRsiGO8-PtG8JAshD6dD6yhuq2vKDmlZh0bvg,checked,checked,checked,Sent,Jared,,,checked
Traveler - Remember Me,Traveler,6/18/2025,$500.00,$350.00,$0.00,https://www.dropbox.com/scl/fi/8osm3ynb74q4bas240gpy/Remember-Me-V2-Radio-Master-RG_SDMI-5.22.25-320.mp3?rlkey=8vmqyp3q29t6rsdgloshop4k7&st=hlel7arw&dl=0,Completed,https://music.cobrand.com/promote/bd97d1ba-22bf-43f0-8df8-5c229ba05f25/share?token=gDPpMqmF0noXRjZehx71TBm26VFm3kXlK1Furz1X0Ks,checked,checked,checked,Sent,Jared,,@travelermusic,checked
CAPYAC - Sexy In My Bodyyy,Eye In The Sky,6/18/2025,$500.00,$350.00,$0.00,https://www.instagram.com/reels/audio/9345309245523336/,Completed,https://music.cobrand.com/promote/f2314bb7-9572-4c97-a389-57648d2b00f1/share?token=4teF1xBl8hEsrTW3LNuF3eeUOZNzJpmG5zFPfbjAZCI,checked,checked,checked,Sent,Jared,,@capyac,checked
Reece Rosé - DISSONANCE EP,Reece Rosé,6/13/2025,$500.00,$350.00,$0.00,https://soundcloud.com/djreecerose/sets/dissonance-ep-monta/s-UAFTD3lGzup?si=3c6881be33db4b3fb12e4ce83fef54b9&utm_source=clipboard&utm_medium=text&utm_campaign=social_sharing,Completed,https://music.cobrand.com/promote/393af0c5-75b3-4390-8bc8-8fe50a8c868d/share?token=cXDoaRzPSIEFb5jyNAZy0upodmsbFtd76OM4o2ObERc,checked,checked,checked,Paid,Jared,,"same guy as before find his tag plz, and we'll get the focus song from him shortly!",checked
Kluster Flux - Final Flash,Kluster Flux,6/5/2025,$500.00,$350.00,$0.00,https://open.spotify.com/track/6g9p3ONm3urpjjiD7lYozk,Completed,https://music.cobrand.com/promote/d71c8471-52e1-4c01-958b-8e9151d09943/share?token=tqsyUFExtEWaulQ17K6kHLa7EzQUMEiTJzNk8IwoGAQ,checked,checked,checked,Paid,Jared,,GET GOING ASAP PLEASE I FORGOT,checked
Traveler - Hallucinations Remix,Traveler,6/5/2025,$350.00,$245.00,$0.00,https://soundcloud.com/travelermusic/r3hab-feat-r-i-t-u-a-l-hallucinations-traveler-remix,Completed,https://music.cobrand.com/promote/f418eec8-9ded-49ea-b607-e58f702bbcff/share?token=v83fS08zB9640FbVIeBnrmuZnmN_kH7o0LXt8aw7VpM,checked,checked,,Paid,Jared,,@travelermusic,checked
Eazley - On My Mind,EAZLEY,6/4/2025,$250.00,$135.00,$0.00,https://soundcloud.com/iameazley/v3-on-my-mind-remix/s-pU6CyfQ99lb?ref=clipboard&p=i&c=1&si=D1550A8D04DA4AD7A1D757C2DED37320&utm_source=clipboard&utm_medium=text&utm_campaign=social_sharing,Completed,https://music.cobrand.com/promote/4939a92d-d92c-474e-8a7d-84f913df27ae/share?token=sDOQuhGU1ebXLmRMuucrPiDNyEViyVjFTCfRwZJOFrw,checked,checked,,Paid,Jared/Katt,,https://www.instagram.com/iameazley/,checked
The Big Blind - Heavyweight Feather,The Big Blind,5/30/2025,$350.00,$284.00,$0.00,https://www.instagram.com/reels/audio/670419952633902?igsh=d3J1eDdmeG40ZXBx,Completed,https://music.cobrand.com/promote/5b9e0fe5-444f-4962-b95e-021d551c1a18/share?token=undefined,checked,checked,checked,TBD,Nate,After world + techno is love 2x pages,Instagram profile: @thebigblindmusic,checked
PROPPAGANDA - All Talk,PROPPAGANDA,5/20/2025,$700.00,$495.00,$0.00,https://open.spotify.com/track/6uzwoESfbJfNgi4XdE5IqT,Completed,https://music.cobrand.com/promote/f05de9b1-4eec-4d21-a988-212711381590/share?token=nLAtOjrQjblOuff_tAgLjqofM9TffFxq5pflN2GxdxM,checked,checked,checked,Paid,Katt,,@proppaganda,checked
Kluster Flux - Gods,Kluster Flux,5/20/2025,$1200.00,$840.00,$0.00,https://open.spotify.com/track/3o5mNSJZimpo1bWyVR5dQE,Completed,https://music.cobrand.com/promote/90b0fd7b-d2fb-4d31-9612-616b4c4b2cf1/share?token=1jBJxeKPFLtaJejOnpxyDBrBJoi-TmggWu24271UtoA,checked,checked,checked,Sent,Jared,1 posts got deleted from DF that needs redo,"@klusterflux

Try using that 3d pokemon animation guy for $200 of the budget, that'll knock his socks off. need to go HARD. this guy can spend MAJOR money with us. ",checked
BILLYTHEKID - ACTION,BILLYTHEKID,5/12/2025,$325.00,$180.00,$0.00,https://open.spotify.com/track/4v3bSKBQdUQmLousLqcffe,Completed,https://music.cobrand.com/promote/46f1c26a-08c4-47af-8bcd-a644f1b8a7d7/share?token=QK4mH5w5uTYHJ8bzejgEdeU62fcx6HIsNUSr4A3QDTE,,checked,checked,Paid,Jared,,@billythekiddub,checked
Mau P - The Less I Know The Better,ADA,5/10/2025,$4000.00,$2800.00,,https://open.spotify.com/track/7lDGg8CFySbkKUrjgzcLlY,Completed,https://music.cobrand.com/promote/b6d3c76f-e4fb-47fe-b103-7d7da5f67c20/share?token=KCyEmMgHj-Q7gPwfqPje492PifLVx8s210rRXyUXZwk,checked,checked,checked,Paid,Jared,,"@edmtrain
@rave_ville
@orlandoelectronic 
x3 post @alltimeedm
X2 post @thathousetune 
@technofinsta 
@mr.afterparty 
@stagehoppers 
@housemusic.us 
@edmclip 
@techno
@afterworldmusic_ 
2x post @_iheartedm_ 
@techno.house.tracks 
@tomorrowlandislove5 
@edmtrain
@technovibesofc
@mr.afterparty
@technoislove5
@techno.house.tracks ",checked
HYFR (EAZLEY FLIP),EAZLEY,5/6/2025,$250.00,$135.00,,https://on.soundcloud.com/KDirLw7Fr6EKEUeTA,Completed,https://music.cobrand.com/promote/e9dd6486-627d-4da2-b177-d73b21c6e0dc/share?token=0dSEVdLQpgDkXPeyo4Ua96ZCIdNrPguuSEjV_5HWibU,checked,checked,checked,Paid,Jared/Katt,,@iameazley,checked
Ozz Gold - Believe,Ozz Gold,5/2/2025,$350.00,$245.00,$0.00,https://soundcloud.com/ozzgold/believe/s-qVUXKiDWT2Q,Completed,https://music.cobrand.com/promote/b85077e4-0f17-4ed9-8079-d8a3219e9e57/share?token=HUT7SIl7lz2qUVLCjOTbp_-aCNTKVtQ6gSOpZypva60,checked,checked,checked,Paid,Katt,,@ozzgold,checked
ADL - It's A Wonderful Life,A Dying Light,5/2/2025,$550.00,$385.00,,https://open.spotify.com/track/1KGMgXe5Q5V7SvzFsekDNw,Completed,https://music.cobrand.com/promote/cc6f502f-c420-4040-bcc0-96283413b459/share?token=blTPmR9AW59-HbRP7jiYh1nxquPCRN0If9NfiuVL3F0,checked,checked,checked,Paid,Jared,,@adyinglightmusic,checked
Traveler - Ocean Born,Traveler,5/2/2025,$550.00,$385.00,,https://open.spotify.com/track/0ehFhAL9qXecLJDlDDhCU5,Completed,https://music.cobrand.com/promote/b38bd1ef-49e6-4cc9-9dd8-fcbaef210064/share?token=8POmp9yl_OmqIzqY2NZ-qgv5XHt7XZyiGz2vs4oxMFE,checked,checked,checked,Paid,Jared,,,checked
REAPER & Basstripper - MOMENT,Insomniac (Helene),5/1/2025,$250.00,$135.00,$0.00,https://www.instagram.com/reels/audio/693551716548623?igsh=NTc4MTIwNjQ2YQ==,Completed,https://music.cobrand.com/promote/ccdd15f6-fe13-44a8-a95e-661575c37ff1/share?token=C8wbhwgN3ufL3PFO7ZPYDly1wU3BGYW0dWozSi2znIo,checked,checked,checked,Paid,Jared,,"@reapernoises, @basstripper",checked
Reece Rosé - Anything For You,Reece Rosé,4/25/2025,$625.00,$480.00,$0.00,https://open.spotify.com/album/0xkSUMH87X41cH81zxAE4T?si=08hM-E7IQdiPLeUcrJ2MmA,Completed,https://music.cobrand.com/promote/6233a2d3-6a03-4fb6-bdb8-a26c7f11d76f/share?token=uwcHGntu2Ozvc3AFc3HMnai2SunAsJWGtzZ21uqir0w,checked,checked,checked,Paid,Jared,,@djreecerose,checked
VRG - attitude,VRG,4/25/2025,$250.00,$135.00,$0.00,https://open.spotify.com/track/2E5Tu2n6tsG5S3dRDkEmR7,Completed,https://music.cobrand.com/promote/bdf7ad56-eeef-489a-829f-f73fb17da6ab/share?token=S4r13LLC61KdhcZPHQpNR-tQ8t5XhQX6qO6-fxliDys,checked,checked,checked,Paid,Jared,,@vrg_music,checked
Wakyin & Vibarco - Matador,Insomniac (Helene),4/23/2025,$350.00,$210.00,$0.00,https://www.instagram.com/reels/audio/4092909204362903?igsh=NTc4MTIwNjQ2YQ==,Completed,https://music.cobrand.com/promote/e591e614-816f-476e-af87-036b1a6858f8/share?token=OnMV1cTIjLybLLplUupG4rMuubn5iv0wnRoVb6rgDrs,checked,checked,checked,Paid,Jared,,@wakyin @vibarco,checked
"andhim, Ameme & Malou - Feel The Love",Insomniac (Helene),4/23/2025,$350.00,$210.00,$0.00,https://www.instagram.com/reels/audio/2750625768475118?igsh=NTc4MTIwNjQ2YQ==,Completed,https://music.cobrand.com/promote/0a26c3fa-908d-4056-9cd8-2d3ae05b6fce/share?token=z2rj4M115KraHLyp5q2J7aJ7Uhh4-w-b0y4YtE2385E,checked,checked,checked,Paid,Jared,,"@andhim_music
@amemedj
@thisis.malou",checked
Swimming Pools - MY BAD Remix,My Bad,4/22/2025,$250.00,$135.00,$0.00,https://on.soundcloud.com/11iuYCGVmBNKjoM96,Completed,https://music.cobrand.com/promote/0689eb1f-859b-4e97-b93a-ecfe6076e4a2/share?token=YLsF8P-wSD64XVClPbiP3OnOJjS8n_W8PxqdmaMj6YY,checked,checked,checked,Paid,Jared,,@my_bad,checked
Charcom - IF ONLY FOR A SECOND,Charcom,4/18/2025,$400.00,$280.00,$0.00,https://open.spotify.com/track/4iaoQCOtPjp2ed8iM6pgi4,Completed,https://music.cobrand.com/promote/d6023fd2-8d89-4b85-b9ff-f605587a3d06/share?token=93ubCJT0i_oRk75m6aiaaxg3-kuF9pt7Fvz5V9jqahI,checked,checked,checked,Paid,Jared,,@charcom16,checked
Benny Brappo - Babababa,Benny Brappo,4/18/2025,$275.00,$192.00,$0.00,https://open.spotify.com/track/5lL9yELPXLusIkXaH5bjw8,Completed,https://music.cobrand.com/promote/586f9912-329f-4a40-9b2a-28428bcc9658/share?token=bDYw5siJJZuq7YB6N9dxvY8h0dRQs_abbCeahce484A,checked,checked,checked,Paid,Jared,,@bennybrappo,checked
Panic! At The Disco - BLAQOUT Remix,Blaqout,4/18/2025,$300.00,$202.00,$0.00,https://soundcloud.com/blaqoutdubstep/iwsnt-flip,Completed,https://music.cobrand.com/promote/1e71abb6-fe25-48ba-8d6e-599154b9a7eb/share?token=y4BNWkBrklfJKRuwPSKqXF357ldpQ-6PJaI2uX4Bm-I,checked,checked,checked,Paid,Jared,Need couple more posts,"@BlaqoutDubstep, @hydrosonix",checked
Daunter - Let You Go,Daunter,4/17/2025,$250.00,$135.00,$0.00,https://open.spotify.com/track/2IwIvnhAM0zqBAKR7vnteg,Completed,https://music.cobrand.com/promote/61f92812-fbc5-4a64-9626-391451a336e6/share?token=FfTarUTN3LbxOcPkYnQqLDFM74-UpGIkN54bDuBOJU0,checked,checked,checked,Paid,Jared,,@daunter_,checked
Edison Cole - Anyma Remix,Edison Cole,4/14/2025,$250.00,$135.00,$0.00,https://on.soundcloud.com/ex25GFtstooQKtuY7,Cancelled,,,,,Paid,Jared,,@itsedisoncole,checked
EAZLEY - The Days Remix,EAZLEY,4/14/2025,$250.00,$135.00,$0.00,https://soundcloud.com/iameazley/v7-the-days-flip/s-DclDQHGoOES?si=4dcc476ccd2d4ea09658025e1b2435d9&utm_source=clipboard&utm_medium=text&utm_campaign=social_sharing,Completed,https://music.cobrand.com/promote/b864049a-05b8-45de-bfc1-18ba84bba6b3/share?token=-4TSXrztUBI2BwhABipSVGDBIGViz74LwD7ucrqDQk8,checked,checked,checked,Paid,Jared,,@iameazley,checked
"Gl0bal, Collixion - Chop Shop",Gl0bal,4/11/2025,$250.00,$135.00,$0.00,https://open.spotify.com/track/10v9kJRppLzyuCmpzY5rUu,Completed,https://music.cobrand.com/promote/8306997f-47c6-4c72-8f4e-6b7e84c6b35f/share?token=CAiXG7VE4P4kNyeD8PL8-zOyQ3e6kDJzHUoknW4Nh_Q,checked,checked,checked,Paid,Jared,,@gl0balofficial,checked
Ambrxse – WTFTF,Ambrxse,4/11/2025,$325.00,$227.50,$0.00,https://open.spotify.com/track/7JYJRDEELG8ZKdnKskHA5Z,Completed,https://music.cobrand.com/promote/5d1a75d8-d3df-4fbb-9b12-e185edd0bf23/share?token=grCwsiYoUusZ4Wy7L-7rH2H6yk3aEjn624ql_AFcgtA,checked,checked,checked,Paid,Jared,Problem with IG sound,@ambrxse,checked
ALIGN - Supercharger Remix,Align,4/11/2025,$200.00,$140.00,$0.00,https://soundcloud.com/louisthechild/supercharger-align-remix-feat,Completed,https://music.cobrand.com/promote/888c95b3-1c3a-4070-a3ba-b59288655a46/share?token=-TFGrQxWToWcmwurHpBIG5NYXzF2bsP-mw78l00DE_k,checked,checked,checked,Paid,Jared,,@align_music,checked
AHEE - Wubcraft,Insomniac (Helene),4/11/2025,$250.00,$135.00,$0.00,https://open.spotify.com/track/2LkaBcb2W9dH3dGyPCNJlD?si=kKrCxzHYQd60XP0sBGpnrw,Completed,https://music.cobrand.com/promote/f6df39e6-a793-412a-9da2-ff90faccce99/share?token=u8UPn5EpTQ8HkiL5MfzXRjA9o8tNIUyfNd7Cu0_qTLM,checked,checked,checked,Paid,Jared,,@iamahee,checked
LAYZ & RZRKT - HARDEST MFS,Insomniac (Helene),4/11/2025,$250.00,$135.00,$0.00,https://open.spotify.com/track/6sStFqQdlp0L4vEXk24Ms6?si=gbwUGzVMR2uleKXhG53o0w,Completed,https://music.cobrand.com/promote/8fd6ccf9-d861-4b52-b5e9-eace18938fcf/share?token=8BrjSFFFkJLAUjZVyl0c6_U-xDgskVbQKt-U_MnEaUE,checked,checked,checked,Paid,Jared,,@layzdubz @rzrktmusic,checked
Gentlemens Club - You,Insomniac (Helene),4/11/2025,$250.00,$135.00,$0.00,https://open.spotify.com/track/1ZXuKEuTuptd2iuJXPrEF5?si=dpopjMl2TreZtvwakBhYRQ,Completed,https://music.cobrand.com/promote/7572df5e-832c-4627-9301-e837fc263e77/share?token=GlEQtd-pCOdp-l6b5QzV7vetEouR0YofRIUfMjwsCTs,checked,checked,checked,Paid,Jared,,@gentlemensclub @sarahdewarren,checked
Max Styler - I Know You Want To,Insomniac (Helene),4/11/2025,$350.00,$245.00,$0.00,https://open.spotify.com/track/3qhf5WajCHsJibQ7cQ2qYS?si=WFOkWnHjQcS_HE5egyXEtg,Completed,https://music.cobrand.com/promote/069f67b0-9ece-45e5-8400-88ab1fc3d448/share?token=1deXXAN3PMiKqKmKiXqgcMaSEM16BoHLT1qVG5lagmQ,checked,checked,checked,Paid,Jared,,@maxstyler,checked
Francis Mercier - Sauti,Insomniac (Helene),4/11/2025,$350.00,$245.00,$0.00,https://open.spotify.com/track/3wlEt7tgbcyowpdlcnCwfz?si=4UcKwgk6TZei5zhD3cU_lg,Completed,https://music.cobrand.com/promote/80ae8c2c-057f-4852-8b42-31e03c199940/share?token=6sSTVb2JqnazgIAO0zPHcSpzQMmiCjydluDbfn4vlOI,checked,checked,checked,Paid,Jared,,@francismercier,checked
Kozmoz - The Backrooms Experience,Kozmoz,4/10/2025,$350.00,$205.00,$0.00,https://soundcloud.com/iamkozmoz/the-backrooms-experience,Completed,https://music.cobrand.com/promote/81814921-0c80-438a-9ef9-d9b748b10900/share?token=jwxn30EeN_SgycTzIZYFTYGJePxrpVljl0xW8T_jjbI,checked,checked,checked,Paid,Jared,,@kozmozmusic,checked
Back In Bidness (Dr. Fresch Flip),Keel,4/8/2025,$500.00,$350.00,$0.00,https://on.soundcloud.com/R9kWAGo2RDi6dFQA7,Completed,https://music.cobrand.com/promote/ab8e49fa-e9f9-4a27-97f4-41c3b718a940/share?token=USVtbVL2YbcGlsmNEv7E4IOw7KbtdeVAgW76thISMVI,checked,checked,checked,Paid,Jared,,@drfresch,checked
MADGRRL - TECHNO DRUG,Dark Roast,4/4/2025,$500.00,$370.00,$0.00,https://open.spotify.com/track/4eTcsnhvSpCqraE0OQRr5T,Completed,https://music.cobrand.com/promote/d601cde3-345a-4c0c-83a5-41a20fbc4dd1/share?token=Jc7OvnySoweyXSihEggOlvZOsUN8hhA2svcZjTP6bFo,checked,checked,checked,Paid,Jared,,@madgrrlmusic,checked
Myles O'Neal - Work You Out,Myles O'Neal,4/3/2025,$400.00,$280.00,$0.00,https://open.spotify.com/track/5yEtQbDRIGYT5j6q5Yf91B,Completed,https://music.cobrand.com/promote/77aaa512-2fba-491e-9755-d1b9a8da6b38/share?token=d5hdHvx_WXhJnfeEzLqtUbaG79n0YbdyVRxrUMS9qJg,,checked,checked,Paid,Jared,,,checked
In Your Head (Daunter),Daunter,3/28/2025,$250.00,$250.00,$0.00,https://soundcloud.com/daunter-music/in-your-head-daunter-redux?si=3d7526db07d6488498ab490ec2b5aad5&utm_source=clipboard&utm_medium=text&utm_campaign=social_sharing,Completed,https://music.cobrand.com/promote/ca670973-bfa8-4906-97dc-0db404001106/share?token=bc3jqI8A-gF_OTWg1RTSzhIL9GwAl_mMWFHyzW8BLu4,checked,checked,,Paid,Jared,,,checked
HGods - THE COMMOTION,Hgods,3/24/2025,$250.00,$135.00,$0.00,https://open.spotify.com/track/0mgknu0NQIMgzqiqiYC2wz,Completed,https://music.cobrand.com/promote/acd50c3b-8c2a-475a-a163-a57fab8d2d78/share?token=CnviuFMIqgl5TrLbTyifWEWy59rMgcg8KWoKxdKx3z0,checked,checked,checked,Paid,Katt,"Post redone, performing well",,checked
Code Red - A Moment In Time,Code Red,3/21/2025,$500.00,$350.00,$0.00,https://open.spotify.com/track/3VxX50qusOHWNIAlhTiSgN,Completed,https://music.cobrand.com/promote/c4acddd5-813e-4bc4-a389-280cdb16dfe9/share?token=1EaukcGhxRxsShqE3LslIU7sKfEkhObscQraJIsAdIE,checked,checked,,Paid,Jared,,,checked
Strobez - Inhale Exhale Remix,Strobez,3/21/2025,$0.00,$135.00,$0.00,https://soundcloud.com/strobez-music/inhale-exhale-rmx,Completed,https://music.cobrand.com/promote/8c7b630e-a1a2-40a6-8449-73621d828cde/share?token=zjnhWC3FurmrzVAKHpej5ipW-X90ispMPJy0EcCVMTY,checked,checked,,N/A,Jared,,,checked
My Life - Krupa Remix,Amit Prim8,3/21/2025,$350.00,$250.00,$0.00,https://open.spotify.com/track/0e2ivWr62WqY9pPWz3e9Qt,Completed,https://music.cobrand.com/promote/99a3e8c3-cdf9-46b2-abb4-f63c3b701c1b/share?token=89zOWaqYHM5r_ix1avsUPd7Kvfg0R61T4Ci4aTmoNRU,checked,checked,,Paid,Jared,,,checked
Luhv - Chief Keef Remix,Luhv,3/20/2025,$250.00,$135.00,$0.00,https://soundcloud.com/luhvmusic/chief-keef-semi-on-em-luhv-remix?ref=clipboard&p=i&c=1&si=22F77A39A7044497A831982320816ED2&utm_source=clipboard&utm_medium=text&utm_campaign=social_sharing,Completed,https://music.cobrand.com/promote/64ba99b7-4422-4e46-8240-d3434b0b3c9a/share?token=Z_WfzDx1h_c3fXPTQFUWuqDvMKUL160NV3KaDJpGv10,,checked,checked,Paid,Jared,,,checked
Segan - Down To Pop,Segan,3/17/2025,$350.00,$135.00,$0.00,https://open.spotify.com/track/1IzwekNme3RkOs7Djz8G2Q,Completed,https://music.cobrand.com/promote/f475559b-6505-42ee-943d-a97fa57994af/share?token=134tZLb5ZUT5TWGrtrNblAnf7kIQdUfqVUpvkAUVGfM,,checked,checked,Paid,Katt,,,checked
Birdsall - Cold Cold Killa,Birdsall,3/10/2025,$250.00,$135.00,$0.00,https://open.spotify.com/track/0ZQsYsAoQW6jH0IYJac0Ni,Completed,https://music.cobrand.com/promote/0bde9238-149a-42d6-aabe-5f6a92c36ed1/share?token=uE8MUd0T8O5HgQmPqtujDyFLYnskVQpUq-ShqHoXmZA,,checked,checked,Paid,Jared,,,checked
Typhon - War,"Jared,TYPHON",3/7/2025,$135.00,$135.00,$0.00,,Completed,https://music.cobrand.com/promote/d91986a1-3914-48a5-a6b2-5324190f4769/share?token=JZD4byjuXb2G0qMLqssA20BV6bcISHUZ8V7QAUTHGps,,checked,checked,N/A,Jared,,,checked
Dubloadz - Noise Room,Dubloadz,3/7/2025,$250.00,$135.00,$0.00,,Completed,https://music.cobrand.com/promote/9a0b226a-682b-48e4-a22b-1ec536895a3d/share?token=OcZ2tgK9BOIiuMqd4K7odJWgkxhAxUB8d-d51WRu5xI,,checked,checked,Paid,Jared,,,checked
Dubloadz - Plant Food,Dubloadz,3/7/2025,$250.00,$135.00,$0.00,https://open.spotify.com/track/1CDOgZv1l5OpELGrbb7NQY,Completed,https://music.cobrand.com/promote/9a0b226a-682b-48e4-a22b-1ec536895a3d/share?token=OcZ2tgK9BOIiuMqd4K7odJWgkxhAxUB8d-d51WRu5xI,,checked,checked,Paid,Jared,,,checked
EAZLEY - I Know,EAZLEY,3/4/2025,$225.00,$110.00,$0.00,https://open.spotify.com/track/368nPo3GHkLpiyOUnyBKBs,Completed,https://music.cobrand.com/promote/040fbffe-60c5-4417-99da-0267e9a3a4d7/share?token=e_vTPdorT2IfN8GbJE7iymy_X5EG24KDgiSQYDT8vug,,checked,,Paid,Jared,,,checked
Dack Janiels - Panic Attack,"Jared,dack janiels",2/28/2025,$135.00,$135.00,$0.00,https://soundcloud.com/artistinfluence/pa/s-ESRXqFH6S0h?si=3b24effa564d4c66b3a12fab12beba5d&utm_source=clipboard&utm_medium=text&utm_campaign=social_sharing,Completed,https://music.cobrand.com/promote/d6a4a8ef-9244-4694-911d-205f80729cee/share?token=1Ow8luhKwJXagZy40pHuTEoEaqslvc9tJExLcTVFLQY,,checked,,N/A,Jared,,,checked
Gordo - Gordo's Dilemma,Medium Rare,2/27/2025,$700.00,$700.00,$0.00,,Completed,https://music.cobrand.com/promote/0b70b4e4-24f7-4845-8f53-9c085bda8370/share?token=WoglpXrrZZ37ajOiptkr-O-2V7rHBRsZNaP7ukZSGXQ,,checked,,Paid,Jared,,,checked
Xarobaby - Let You Go,Xarobaby,2/26/2025,$300.00,$148.00,$0.00,https://open.spotify.com/track/6MyOqbIUcvKJT0EefzxvO0,Completed,https://artistinfluence.creatorcore.co/client/xarobaby---let-you-go194,,,,Paid,Jared,,,checked
"Jaxomy, Conor Maynard - She's So High",Ultra,2/24/2025,$2000.00,$1400.00,$0.00,https://open.spotify.com/track/4WMKgeG9P3P0Rw9VMP8Ozr,Completed,https://music.cobrand.com/promote/5b83ac78-41fc-4a68-8391-766f6d09ec84/share?token=0I5AkYWoPVLJ8daVEfBb0W3uSGxe463EPwCBFjq7kgU,,checked,checked,Paid,Jared,,,checked
Yung Pooda - Durty Muddy,It's A Ten Records,2/21/2025,$1000.00,$700.00,$700.00,https://www.dropbox.com/scl/fi/mxckfrqqp5v8hepzfm9fz/POODA-FINAL-V2.wav?rlkey=asi7xnzvchqorg1maygg26d6i&st=xjupxusy&dl=0,Cancelled,https://artistinfluence.creatorcore.co/client/yung-pooda---frfr194,,,,Paid,Jared,,,checked
Otaku Hot Girl (VIRX FLIP),VIRX,2/21/2025,$250.00,$250.00,$0.00,https://soundcloud.com/virxmusic/otakuhotgirl/s-VGdLMf4mCtB?si=6867dfaee5344a8a9000bb89cd60ff43&utm_source=clipboard&utm_medium=text&utm_campaign=social_sharing,Completed,https://artistinfluence.creatorcore.co/client/otaku-hot-girl-virx-flip194,,checked,,Paid,Jared,,,checked
"CURE97, Dirty Audio - Reborn","CURE97,Dirty Audio,GOLD",2/21/2025,$300.00,$300.00,$0.00,https://artistinfluence.creatorcore.co/list/dirty-audio-cure97-gold---reborn-194,Completed,https://artistinfluence.creatorcore.co/client/cure97-dirty-audio---reborn194,,checked,,Paid,Jared,,,checked
CELO - Take It Back,CELO,2/21/2025,$350.00,$250.00,$0.00,https://open.spotify.com/track/54vPWq7mkRQDnSBclBH5S9,Completed,https://artistinfluence.creatorcore.co/client/celo---take-it-back194,,checked,,Paid,Jared,,,checked
Dubloadz - Yo! Unrelease This,Dubloadz,2/17/2025,$250.00,$250.00,$0.00,https://music.cobrand.com/promote/7e25d9fa-4ca1-4244-af06-7c8b197af554/share?token=dxa6zG8s-Xal7fiHNrwS0a1PKLbxzAu_MNVSw9LJSfk,Completed,https://music.cobrand.com/promote/7e25d9fa-4ca1-4244-af06-7c8b197af554/share?token=dxa6zG8s-Xal7fiHNrwS0a1PKLbxzAu_MNVSw9LJSfk,,checked,checked,Paid,Jared,,,checked
Kozmoz - The Kill,Kozmoz,2/14/2025,$250.00,$250.00,$0.00,https://soundcloud.com/iamkozmoz/kozmoz-x-micah-martin-x-talix/s-EHP8J3sTduG?si=09f406214ac649fcb1e6741fd7724695&utm_source=clipboard&utm_medium=text&utm_campaign=social_sharing,Completed,https://artistinfluence.creatorcore.co/client/kozmoz-micah-martin-talix---the-kill194,,checked,,Paid,Jared,,,checked
Odd Language - STRAPPA,Jared,2/14/2025,$135.00,$135.00,$0.00,https://drive.google.com/file/d/1BbFFPhSRJzlOLK7-KQu6_L5Va6-JS0SC/view?usp=drive_link,Completed,https://artistinfluence.creatorcore.co/client/odd-language---strappa194,checked,checked,,Paid,Jared,,,checked
"Slippy, 7KY - Catch Your Eye",Beacon,2/14/2025,$250.00,$250.00,$0.00,https://open.spotify.com/track/1U7JYktClcAapiFuROzS23,Completed,https://artistinfluence.creatorcore.co/client/slippy-7ky---catch-your-eye194,checked,,,Paid,Jared,,,checked
"REAPER, AMAGII - BODY WORK","Beacon,AMAGII",2/5/2025,$350.00,$350.00,$0.00,https://artistinfluence.creatorcore.co/client/reaper-amagii---body-work194,Completed,https://music.cobrand.com/promote/d49d51d6-ceb8-4141-8498-4cf8872e6df4/share?token=XMJ9VrRs4wCh6JaWfqZJKr_BY5iBpVgnOvfntJRayeQ,,checked,,Paid,Jared,,,checked
WHYNOTUS - Rob The Casino,"Jared,WHYNOTUS",1/24/2025,$335.00,$335.00,$0.00,https://on.soundcloud.com/XrrjM8vAJDuDtN2K8,Completed,https://artistinfluence.creatorcore.co/client/whynotus---rob-the-casino194,,checked,,Paid,Jared,,,checked
"CELO, KOZMOZ - SMACKDOWN",CELO,1/17/2025,$350.00,$350.00,$0.00,https://on.soundcloud.com/xBaZQGrvPJER5e3v7,Completed,N/A,,,,Paid,Jared,,,checked
Anyma - Sphere,Atlantic Records (Kyle),1/1/2025,$2000.00,$1400.00,$0.00,N/A,Completed,https://artistinfluence.creatorcore.co/client/anyma-sphere194,,,,Paid,Jared,,,checked
"Felmax, DJ Afterthought - Divergent Fist",Jared,12/20/2024,$150.00,$150.00,$0.00,https://soundcloud.com/artistinfluence/df/s-w57T5Mx0AQ1?si=90fe19057fc44618a253bcb85e0c9c3b&utm_source=clipboard&utm_medium=text&utm_campaign=social_sharing,Completed,N/A,,,,Paid,Jared,,,checked
EAZLEY - Nanana Remix,EAZLEY,12/12/2024,$250.00,$250.00,$0.00,https://on.soundcloud.com/DoWzJhHmqEKKiXsm7,Completed,https://artistinfluence.creatorcore.co/client/nanana---eazley-remix194,,,checked,Paid,Jared,,,checked
Neon Pony - Fiji Mix,Neon Pony,12/5/2024,$1500.00,$1200.00,$0.00,https://soundcloud.com/neonponymusic/beats-in-hidden-retreats-episode-1-live-in-fiji/s-pF7EMRAG55s?si=8c88f596047942909b56e03f8ba6a4d9&utm_source=clipboard&utm_medium=text&utm_campaign=social_sharing,Completed,https://artistinfluence.creatorcore.co/client/neon-pony---fiji-mix194,,,,Paid,Jared,,"PR: https://drive.google.com/drive/folders/1flxw0Tdiz7o1nn-3_assWzefLH6bgRnk?usp=sharing

SC Link: https://soundcloud.com/neonponymusic/beats-in-hidden-retreats-episode-1-live-in-fiji/s-pF7EMRAG55s?si=8c88f596047942909b56e03f8ba6a4d9&utm_source=clipboard&utm_medium=text&utm_campaign=social_sharing

YT Mix Link: https://youtu.be/kZxdRjcUo20

Reel Clips: TBD",checked
DJ TURN IT UP - AMAGII Remix,AMAGII,12/4/2024,$125.00,$175.00,$125.00,https://soundcloud.com/itsamagii/dimension-dj-turn-it-up-amagii-remix-final,Cancelled,https://artistinfluence.creatorcore.co/client/dj-turn-it-up---amagii-remix194,,,,Paid,Jared,,,checked
Anyma x FKA Twigs Remix,Atlantic Records (Kyle),12/4/2024,$1000.00,$700.00,$0.00,N/A,Completed,https://artistinfluence.creatorcore.co/client/anyma-x-fka-twigs194,,,,Paid,Jared,,,checked
Butcher Babies - Sincerity,Judge & Jury,11/20/2024,$200.00,$200.00,$0.00,,Completed,https://artistinfluence.creatorcore.co/client/butcher-babies---sincerity194,,,,Paid,Jared,,,checked
,,,,,,,,,,,,,,,,
,,,,,,,,,,,,,,,,
,,,,,,,,,,,,,,,,
,,,,,,,,,,,,,,,,
,,,,,,,,,,,,,,,,
,Kryture,,,,,,,,,,,,,,,
,,,,,,,,,,,,,,,,
,,,,,,,,,,,,,,,,